id,title,description,availability,condition,price,link,image_link,brand,custom_label_0,custom_label_1,custom_label_2,custom_label_3
P-45RQYD,"General Dentistry Practice for Sale – Tucson, AZ","General Dentistry practice for sale in Tucson, AZ: $665K annual collections, 4 operatories, asking $475K. Listed by Menlo Dental Transitions on Practice Orbit.",in stock,used,475000.00 USD,https://practiceorbit.com/app/practices/P-45RQYD?utm_source=facebook&utm_medium=paid_social&utm_campaign=state_listing_catalog,https://practiceorbit.github.io/practice-orbit-meta-feed/cards/P-45RQYD-db347fd10c.jpg,Practice Orbit,AZ,AZ,General Dentistry,Menlo Dental Transitions
P-597WBY,"General Dentistry Practice for Sale – Phoenix, AZ","General Dentistry practice for sale in Phoenix, AZ: $720K annual collections, 3 operatories, asking $650K. Listed by Menlo Dental Transitions on Practice Orbit.",in stock,used,650000.00 USD,https://practiceorbit.com/app/practices/P-597WBY?utm_source=facebook&utm_medium=paid_social&utm_campaign=state_listing_catalog,https://practiceorbit.github.io/practice-orbit-meta-feed/cards/P-597WBY-81fb13a5ca.jpg,Practice Orbit,AZ,AZ,General Dentistry,Menlo Dental Transitions
P-68KYJR,"General Dentistry Practice for Sale – Northwest Valley, AZ","General Dentistry practice for sale in Northwest Valley, AZ: $1.1M annual collections, 8 operatories, asking $880K. Listed by Menlo Dental Transitions on Practice Orbit.",in stock,used,880000.00 USD,https://practiceorbit.com/app/practices/P-68KYJR?utm_source=facebook&utm_medium=paid_social&utm_campaign=state_listing_catalog,https://practiceorbit.github.io/practice-orbit-meta-feed/cards/P-68KYJR-5e0584d07f.jpg,Practice Orbit,AZ,AZ,General Dentistry,Menlo Dental Transitions
P-7CDFHH,"General Dentistry Practice for Sale – Northwest Valley, AZ","General Dentistry practice for sale in Northwest Valley, AZ: $1.1M annual collections, 8 operatories, asking $950K. Listed by Menlo Dental Transitions on Practice Orbit.",in stock,used,950000.00 USD,https://practiceorbit.com/app/practices/P-7CDFHH?utm_source=facebook&utm_medium=paid_social&utm_campaign=state_listing_catalog,https://practiceorbit.github.io/practice-orbit-meta-feed/cards/P-7CDFHH-5cf9f01fd5.jpg,Practice Orbit,AZ,AZ,General Dentistry,Menlo Dental Transitions
P-8ZKNJX,"General Dentistry Practice for Sale – Northwest Valley, AZ","General Dentistry practice for sale in Northwest Valley, AZ: 5 operatories, asking $1.15M. Listed by Menlo Dental Transitions on Practice Orbit.",in stock,used,1150000.00 USD,https://practiceorbit.com/app/practices/P-8ZKNJX?utm_source=facebook&utm_medium=paid_social&utm_campaign=state_listing_catalog,https://practiceorbit.github.io/practice-orbit-meta-feed/cards/P-8ZKNJX-de1c217f05.jpg,Practice Orbit,AZ,AZ,General Dentistry,Menlo Dental Transitions
P-BPH498,"Orthodontist Practice for Sale – Phoenix, AZ","Orthodontist practice for sale in Phoenix, AZ: $325K annual collections, 10 operatories, asking $275K. Listed by Menlo Dental Transitions on Practice Orbit.",in stock,used,275000.00 USD,https://practiceorbit.com/app/practices/P-BPH498?utm_source=facebook&utm_medium=paid_social&utm_campaign=state_listing_catalog,https://practiceorbit.github.io/practice-orbit-meta-feed/cards/P-BPH498-30e0fd7b0e.jpg,Practice Orbit,AZ,AZ,Orthodontist,Menlo Dental Transitions
P-E8448X,"GP with Multi-Specialty Practice for Sale – Peoria, AZ","GP with Multi-Specialty practice for sale in Peoria, AZ: $1.8M annual collections, 5 operatories, asking $1.4M. Listed by Menlo Dental Transitions on Practice Orbit.",in stock,used,1400000.00 USD,https://practiceorbit.com/app/practices/P-E8448X?utm_source=facebook&utm_medium=paid_social&utm_campaign=state_listing_catalog,https://practiceorbit.github.io/practice-orbit-meta-feed/cards/P-E8448X-e2581122a3.jpg,Practice Orbit,AZ,AZ,GP with Multi-Specialty,Menlo Dental Transitions
P-EZ473V,"General Dentistry Practice for Sale – Northern AZ, AZ","General Dentistry practice for sale in Northern AZ, AZ: $618K annual collections, 3 operatories, asking $345K. Listed by Menlo Dental Transitions on Practice Orbit.",in stock,used,345000.00 USD,https://practiceorbit.com/app/practices/P-EZ473V?utm_source=facebook&utm_medium=paid_social&utm_campaign=state_listing_catalog,https://practiceorbit.github.io/practice-orbit-meta-feed/cards/P-EZ473V-99fc019bf8.jpg,Practice Orbit,AZ,AZ,General Dentistry,Menlo Dental Transitions
P-F7FZTS,"General Dentistry Practice for Sale – Maricopa, AZ","General Dentistry practice for sale in Maricopa, AZ: $823K annual collections, 4 operatories, asking $650K. Listed by Menlo Dental Transitions on Practice Orbit.",in stock,used,650000.00 USD,https://practiceorbit.com/app/practices/P-F7FZTS?utm_source=facebook&utm_medium=paid_social&utm_campaign=state_listing_catalog,https://practiceorbit.github.io/practice-orbit-meta-feed/cards/P-F7FZTS-355e814a25.jpg,Practice Orbit,AZ,AZ,General Dentistry,Menlo Dental Transitions
P-GHZP9Q,"Dental Practice for Sale – Scottsdale, AZ","Dental practice for sale in Scottsdale, AZ: $1.1M annual collections, 3 operatories, asking $921K. Listed by Menlo Dental Transitions on Practice Orbit.",in stock,used,921000.00 USD,https://practiceorbit.com/app/practices/P-GHZP9Q?utm_source=facebook&utm_medium=paid_social&utm_campaign=state_listing_catalog,https://practiceorbit.github.io/practice-orbit-meta-feed/cards/P-GHZP9Q-5e88a606b0.jpg,Practice Orbit,AZ,AZ,Dental,Menlo Dental Transitions
P-HB3BBJ,"General Dentistry Practice for Sale – Phoenix, AZ","General Dentistry practice for sale in Phoenix, AZ: 7 operatories, asking $200K. Listed by Menlo Dental Transitions on Practice Orbit.",in stock,used,200000.00 USD,https://practiceorbit.com/app/practices/P-HB3BBJ?utm_source=facebook&utm_medium=paid_social&utm_campaign=state_listing_catalog,https://practiceorbit.github.io/practice-orbit-meta-feed/cards/P-HB3BBJ-cad950e59d.jpg,Practice Orbit,AZ,AZ,General Dentistry,Menlo Dental Transitions
P-JPJ7TR,"General Dentistry Practice for Sale – Phoenix, AZ","General Dentistry practice for sale in Phoenix, AZ: $815K annual collections, 8 operatories, asking $661K. Listed by Menlo Dental Transitions on Practice Orbit.",in stock,used,661000.00 USD,https://practiceorbit.com/app/practices/P-JPJ7TR?utm_source=facebook&utm_medium=paid_social&utm_campaign=state_listing_catalog,https://practiceorbit.github.io/practice-orbit-meta-feed/cards/P-JPJ7TR-b9b55b33ab.jpg,Practice Orbit,AZ,AZ,General Dentistry,Menlo Dental Transitions
P-XRXFYR,"General Dentistry Practice for Sale – Casa Grande, AZ","General Dentistry practice for sale in Casa Grande, AZ: 8 operatories, asking $100K. Listed by Menlo Dental Transitions on Practice Orbit.",in stock,used,100000.00 USD,https://practiceorbit.com/app/practices/P-XRXFYR?utm_source=facebook&utm_medium=paid_social&utm_campaign=state_listing_catalog,https://practiceorbit.github.io/practice-orbit-meta-feed/cards/P-XRXFYR-020cdd49c0.jpg,Practice Orbit,AZ,AZ,General Dentistry,Menlo Dental Transitions
P-3JKHCZ,"General Dentistry Practice for Sale – Walnut Creek, CA","General Dentistry practice for sale in Walnut Creek, CA: 4 operatories, asking $995K. Listed by Revolve Practice Transitions on Practice Orbit.",in stock,used,995000.00 USD,https://practiceorbit.com/app/practices/P-3JKHCZ?utm_source=facebook&utm_medium=paid_social&utm_campaign=state_listing_catalog,https://practiceorbit.github.io/practice-orbit-meta-feed/cards/P-3JKHCZ-8c07fdeabd.jpg,Practice Orbit,CA,CA-BAY,General Dentistry,Revolve Practice Transitions
P-4CNM73,"Pediatric without Orthodontics Practice for Sale – Modesto, CA","Pediatric without Orthodontics practice for sale in Modesto, CA: $551K annual collections, 7 operatories, asking $411K. Listed by Menlo Dental Transitions on Practice Orbit.",in stock,used,411000.00 USD,https://practiceorbit.com/app/practices/P-4CNM73?utm_source=facebook&utm_medium=paid_social&utm_campaign=state_listing_catalog,https://practiceorbit.github.io/practice-orbit-meta-feed/cards/P-4CNM73-8ce8b1ae24.jpg,Practice Orbit,CA,CA-NORTH,Pediatric without Orthodontics,Menlo Dental Transitions
P-5BMMM2,"General Dentistry Practice for Sale – Palo Alto, CA","General Dentistry practice for sale in Palo Alto, CA: $1.38M annual collections, 3 operatories, asking $1.15M. Listed by Revolve Practice Transitions on Practice Orbit.",in stock,used,1150000.00 USD,https://practiceorbit.com/app/practices/P-5BMMM2?utm_source=facebook&utm_medium=paid_social&utm_campaign=state_listing_catalog,https://practiceorbit.github.io/practice-orbit-meta-feed/cards/P-5BMMM2-f39f0dad20.jpg,Practice Orbit,CA,CA-BAY,General Dentistry,Revolve Practice Transitions
P-5P6ZCE,"Dental Practice for Sale – Victorville, CA","Dental practice for sale in Victorville, CA: 14 operatories, asking $250K. Listed by Menlo Dental Transitions on Practice Orbit.",in stock,used,250000.00 USD,https://practiceorbit.com/app/practices/P-5P6ZCE?utm_source=facebook&utm_medium=paid_social&utm_campaign=state_listing_catalog,https://practiceorbit.github.io/practice-orbit-meta-feed/cards/P-5P6ZCE-673a96d022.jpg,Practice Orbit,CA,CA-IE,Dental,Menlo Dental Transitions
P-6M9BX9,"General Dentistry Practice for Sale – Roseville, CA","General Dentistry practice for sale in Roseville, CA: $1.6M annual collections, 4 operatories, asking $695K. Listed by Menlo Dental Transitions on Practice Orbit.",in stock,used,695000.00 USD,https://practiceorbit.com/app/practices/P-6M9BX9?utm_source=facebook&utm_medium=paid_social&utm_campaign=state_listing_catalog,https://practiceorbit.github.io/practice-orbit-meta-feed/cards/P-6M9BX9-9b86b699e1.jpg,Practice Orbit,CA,CA-NORTH,General Dentistry,Menlo Dental Transitions
P-7QJN6G,"General Dentistry Practice for Sale – Palo Alto, CA","General Dentistry practice for sale in Palo Alto, CA: $950K annual collections, 4 operatories, asking $750K. Listed by Revolve Practice Transitions on Practice Orbit.",in stock,used,750000.00 USD,https://practiceorbit.com/app/practices/P-7QJN6G?utm_source=facebook&utm_medium=paid_social&utm_campaign=state_listing_catalog,https://practiceorbit.github.io/practice-orbit-meta-feed/cards/P-7QJN6G-4c2eea0935.jpg,Practice Orbit,CA,CA-BAY,General Dentistry,Revolve Practice Transitions
P-AN9T94,"General Dentistry Practice for Sale – Fremont, CA","General Dentistry practice for sale in Fremont, CA: $500K annual collections, 4 operatories, asking $400K. Listed by Revolve Practice Transitions on Practice Orbit.",in stock,used,400000.00 USD,https://practiceorbit.com/app/practices/P-AN9T94?utm_source=facebook&utm_medium=paid_social&utm_campaign=state_listing_catalog,https://practiceorbit.github.io/practice-orbit-meta-feed/cards/P-AN9T94-9b4fd3c8b9.jpg,Practice Orbit,CA,CA-BAY,General Dentistry,Revolve Practice Transitions
P-CJTPAH,"Periodontist Practice for Sale – San Diego, CA","Periodontist practice for sale in San Diego, CA: $881K annual collections, 4 operatories, asking $550K. Listed by DDSmatch on Practice Orbit.",in stock,used,550000.00 USD,https://practiceorbit.com/app/practices/P-CJTPAH?utm_source=facebook&utm_medium=paid_social&utm_campaign=state_listing_catalog,https://practiceorbit.github.io/practice-orbit-meta-feed/cards/P-CJTPAH-9b02f4890f.jpg,Practice Orbit,CA,CA-SD,Periodontist,DDSmatch
P-E299QT,"General Dentistry Practice for Sale – Santa Rosa, CA","General Dentistry practice for sale in Santa Rosa, CA: $1.26M annual collections, 5 operatories, asking $835K. Listed by Revolve Practice Transitions on Practice Orbit.",in stock,used,835000.00 USD,https://practiceorbit.com/app/practices/P-E299QT?utm_source=facebook&utm_medium=paid_social&utm_campaign=state_listing_catalog,https://practiceorbit.github.io/practice-orbit-meta-feed/cards/P-E299QT-c006e48bad.jpg,Practice Orbit,CA,CA-NORTH,General Dentistry,Revolve Practice Transitions
P-JX24DR,"General Dentistry Practice for Sale – Los Altos, CA","General Dentistry practice for sale in Los Altos, CA: $850K annual collections, 3 operatories, asking $450K. Listed by Revolve Practice Transitions on Practice Orbit.",in stock,used,450000.00 USD,https://practiceorbit.com/app/practices/P-JX24DR?utm_source=facebook&utm_medium=paid_social&utm_campaign=state_listing_catalog,https://practiceorbit.github.io/practice-orbit-meta-feed/cards/P-JX24DR-6b1401731e.jpg,Practice Orbit,CA,CA-BAY,General Dentistry,Revolve Practice Transitions
P-PH22TP,"General Dentistry Practice for Sale – San Jose, CA","General Dentistry practice for sale in San Jose, CA: $1.36M annual collections, 7 operatories, asking $975K. Listed by Revolve Practice Transitions on Practice Orbit.",in stock,used,975000.00 USD,https://practiceorbit.com/app/practices/P-PH22TP?utm_source=facebook&utm_medium=paid_social&utm_campaign=state_listing_catalog,https://practiceorbit.github.io/practice-orbit-meta-feed/cards/P-PH22TP-b4f0782503.jpg,Practice Orbit,CA,CA-BAY,General Dentistry,Revolve Practice Transitions
P-VJNBCS,"Endodontist Practice for Sale – Monterey County, CA","Endodontist practice for sale in Monterey County, CA: $730K annual collections, 3 operatories, asking $615K. Listed by Revolve Practice Transitions on Practice Orbit.",in stock,used,615000.00 USD,https://practiceorbit.com/app/practices/P-VJNBCS?utm_source=facebook&utm_medium=paid_social&utm_campaign=state_listing_catalog,https://practiceorbit.github.io/practice-orbit-meta-feed/cards/P-VJNBCS-345a7378f1.jpg,Practice Orbit,CA,CA-BAY,Endodontist,Revolve Practice Transitions
P-WZC84J,"General Dentistry Practice for Sale – Redwood City, CA","General Dentistry practice for sale in Redwood City, CA: $990K annual collections, 3 operatories, asking $750K. Listed by Revolve Practice Transitions on Practice Orbit.",in stock,used,750000.00 USD,https://practiceorbit.com/app/practices/P-WZC84J?utm_source=facebook&utm_medium=paid_social&utm_campaign=state_listing_catalog,https://practiceorbit.github.io/practice-orbit-meta-feed/cards/P-WZC84J-4ad08d38bc.jpg,Practice Orbit,CA,CA-BAY,General Dentistry,Revolve Practice Transitions
P-ZV58EX,"General Dentistry Practice for Sale – San Carlos, CA","General Dentistry practice for sale in San Carlos, CA: $1.2M annual collections, 4 operatories, asking $990K. Listed by Revolve Practice Transitions on Practice Orbit.",in stock,used,990000.00 USD,https://practiceorbit.com/app/practices/P-ZV58EX?utm_source=facebook&utm_medium=paid_social&utm_campaign=state_listing_catalog,https://practiceorbit.github.io/practice-orbit-meta-feed/cards/P-ZV58EX-d79f8a71d0.jpg,Practice Orbit,CA,CA-BAY,General Dentistry,Revolve Practice Transitions
P-34SQBK,"General Dentistry Practice for Sale – Centennial, CO","General Dentistry practice for sale in Centennial, CO: $1.45M annual collections, 9 operatories, asking $900K. Listed by Menlo Dental Transitions on Practice Orbit.",in stock,used,900000.00 USD,https://practiceorbit.com/app/practices/P-34SQBK?utm_source=facebook&utm_medium=paid_social&utm_campaign=state_listing_catalog,https://practiceorbit.github.io/practice-orbit-meta-feed/cards/P-34SQBK-41b95350c0.jpg,Practice Orbit,CO,CO,General Dentistry,Menlo Dental Transitions
P-RGXRP7,"General Dentistry Practice for Sale – Denver, CO","General Dentistry practice for sale in Denver, CO: 5 operatories, asking $1.2M. Listed by Menlo Dental Transitions on Practice Orbit.",in stock,used,1200000.00 USD,https://practiceorbit.com/app/practices/P-RGXRP7?utm_source=facebook&utm_medium=paid_social&utm_campaign=state_listing_catalog,https://practiceorbit.github.io/practice-orbit-meta-feed/cards/P-RGXRP7-5aab4135d8.jpg,Practice Orbit,CO,CO,General Dentistry,Menlo Dental Transitions
P-TQBSBZ,"Pediatric with Orthodontics Practice for Sale – Denver, CO","Pediatric with Orthodontics practice for sale in Denver, CO: 11 operatories, asking $850K. Listed by Menlo Dental Transitions on Practice Orbit.",in stock,used,850000.00 USD,https://practiceorbit.com/app/practices/P-TQBSBZ?utm_source=facebook&utm_medium=paid_social&utm_campaign=state_listing_catalog,https://practiceorbit.github.io/practice-orbit-meta-feed/cards/P-TQBSBZ-0b16ec21d2.jpg,Practice Orbit,CO,CO,Pediatric with Orthodontics,Menlo Dental Transitions
P-D9B5BE,"Dental Practice for Sale – Southeast GA, GA","Dental practice for sale in Southeast GA, GA: 4 operatories, asking $450K. Listed by Menlo Dental Transitions on Practice Orbit.",in stock,used,450000.00 USD,https://practiceorbit.com/app/practices/P-D9B5BE?utm_source=facebook&utm_medium=paid_social&utm_campaign=state_listing_catalog,https://practiceorbit.github.io/practice-orbit-meta-feed/cards/P-D9B5BE-78eb02e31f.jpg,Practice Orbit,GA,GA,Dental,Menlo Dental Transitions
P-G8VVZH,"General Dentistry Practice for Sale – Central Kansas, KS","General Dentistry practice for sale in Central Kansas, KS: $1.05M annual collections, 4 operatories, asking $750K. Listed by Menlo Dental Transitions on Practice Orbit.",in stock,used,750000.00 USD,https://practiceorbit.com/app/practices/P-G8VVZH?utm_source=facebook&utm_medium=paid_social&utm_campaign=state_listing_catalog,https://practiceorbit.github.io/practice-orbit-meta-feed/cards/P-G8VVZH-63556cab61.jpg,Practice Orbit,KS,KS,General Dentistry,Menlo Dental Transitions
P-2BVYV9,"General Dentistry Practice for Sale – North Bethesda, MD","General Dentistry practice for sale in North Bethesda, MD: $461K annual collections, 4 operatories, asking $550K. Listed by Filas Dental Brokerage on Practice Orbit.",in stock,used,550000.00 USD,https://practiceorbit.com/app/practices/P-2BVYV9?utm_source=facebook&utm_medium=paid_social&utm_campaign=state_listing_catalog,https://practiceorbit.github.io/practice-orbit-meta-feed/cards/P-2BVYV9-2616202bed.jpg,Practice Orbit,MD,MD,General Dentistry,Filas Dental Brokerage
P-MX7TCK,"Dental Practice for Sale – Baltimore, MD","Dental practice for sale in Baltimore, MD: 4 operatories, asking $350K. Listed by Menlo Dental Transitions on Practice Orbit.",in stock,used,350000.00 USD,https://practiceorbit.com/app/practices/P-MX7TCK?utm_source=facebook&utm_medium=paid_social&utm_campaign=state_listing_catalog,https://practiceorbit.github.io/practice-orbit-meta-feed/cards/P-MX7TCK-94ba2e1c80.jpg,Practice Orbit,MD,MD,Dental,Menlo Dental Transitions
P-CFVRZB,"General Dentistry Practice for Sale – Charlotte, NC","General Dentistry practice for sale in Charlotte, NC: $3.1M annual collections, 5 operatories, asking $2.48M. Listed by Menlo Dental Transitions on Practice Orbit.",in stock,used,2477000.00 USD,https://practiceorbit.com/app/practices/P-CFVRZB?utm_source=facebook&utm_medium=paid_social&utm_campaign=state_listing_catalog,https://practiceorbit.github.io/practice-orbit-meta-feed/cards/P-CFVRZB-d0eb26d098.jpg,Practice Orbit,NC,NC,General Dentistry,Menlo Dental Transitions
P-X3YEPK,"General Dentistry Practice for Sale – Endwell, NY","General Dentistry practice for sale in Endwell, NY: asking $1.1M. Listed by Practice Partners on Practice Orbit.",in stock,used,1100000.00 USD,https://practiceorbit.com/app/practices/P-X3YEPK?utm_source=facebook&utm_medium=paid_social&utm_campaign=state_listing_catalog,https://practiceorbit.github.io/practice-orbit-meta-feed/cards/P-X3YEPK-ccd920317d.jpg,Practice Orbit,NY,NY,General Dentistry,Practice Partners
P-9K6BS3,"General Dentistry Practice for Sale – Uhrichsville, OH","General Dentistry practice for sale in Uhrichsville, OH: $771K annual collections, 4 operatories, asking $685K. Listed by Ace Practice Sales on Practice Orbit.",in stock,used,685000.00 USD,https://practiceorbit.com/app/practices/P-9K6BS3?utm_source=facebook&utm_medium=paid_social&utm_campaign=state_listing_catalog,https://practiceorbit.github.io/practice-orbit-meta-feed/cards/P-9K6BS3-052facfecd.jpg,Practice Orbit,OH,OH,General Dentistry,Ace Practice Sales
P-VJGNNY,"General Dentistry Practice for Sale – Oregon Coast, OR","General Dentistry practice for sale in Oregon Coast, OR: asking $495K. Listed by Menlo Dental Transitions on Practice Orbit.",in stock,used,495000.00 USD,https://practiceorbit.com/app/practices/P-VJGNNY?utm_source=facebook&utm_medium=paid_social&utm_campaign=state_listing_catalog,https://practiceorbit.github.io/practice-orbit-meta-feed/cards/P-VJGNNY-b7e9f81bc6.jpg,Practice Orbit,OR,OR,General Dentistry,Menlo Dental Transitions
P-X6C3W8,General Dentistry Practice for Sale – Oregon,"General Dentistry practice for sale in Oregon: $1.18M annual collections, 5 operatories, asking $900K. Listed by Menlo Dental Transitions on Practice Orbit.",in stock,used,900000.00 USD,https://practiceorbit.com/app/practices/P-X6C3W8?utm_source=facebook&utm_medium=paid_social&utm_campaign=state_listing_catalog,https://practiceorbit.github.io/practice-orbit-meta-feed/cards/P-X6C3W8-6ca566eded.jpg,Practice Orbit,OR,OR,General Dentistry,Menlo Dental Transitions
P-KRXK72,"Dental Practice for Sale – San Antonio, TX","Dental practice for sale in San Antonio, TX: $1.94M annual collections, 9 operatories, asking $1.71M. Listed by Menlo Dental Transitions on Practice Orbit.",in stock,used,1705000.00 USD,https://practiceorbit.com/app/practices/P-KRXK72?utm_source=facebook&utm_medium=paid_social&utm_campaign=state_listing_catalog,https://practiceorbit.github.io/practice-orbit-meta-feed/cards/P-KRXK72-53caa5d7fd.jpg,Practice Orbit,TX,TX,Dental,Menlo Dental Transitions
P-ZVRHGJ,"General Dentistry Practice for Sale – El Paso, TX","General Dentistry practice for sale in El Paso, TX: $463K annual collections, 6 operatories, asking $350K.",in stock,used,350000.00 USD,https://practiceorbit.com/app/practices/P-ZVRHGJ?utm_source=facebook&utm_medium=paid_social&utm_campaign=state_listing_catalog,https://practiceorbit.github.io/practice-orbit-meta-feed/cards/P-ZVRHGJ-5c0f06e7e2.jpg,Practice Orbit,TX,TX,General Dentistry,
P-G4DAT3,"Dental Practice for Sale – Vancouver, WA","Dental practice for sale in Vancouver, WA: 5 operatories, asking $95K. Listed by Menlo Dental Transitions on Practice Orbit.",in stock,used,95000.00 USD,https://practiceorbit.com/app/practices/P-G4DAT3?utm_source=facebook&utm_medium=paid_social&utm_campaign=state_listing_catalog,https://practiceorbit.github.io/practice-orbit-meta-feed/cards/P-G4DAT3-0544596f77.jpg,Practice Orbit,WA,WA,Dental,Menlo Dental Transitions
P-GT24SE,"General Dentistry Practice for Sale – Yakima, WA","General Dentistry practice for sale in Yakima, WA: 5 operatories, asking $50K. Listed by Menlo Dental Transitions on Practice Orbit.",in stock,used,50000.00 USD,https://practiceorbit.com/app/practices/P-GT24SE?utm_source=facebook&utm_medium=paid_social&utm_campaign=state_listing_catalog,https://practiceorbit.github.io/practice-orbit-meta-feed/cards/P-GT24SE-7749750459.jpg,Practice Orbit,WA,WA,General Dentistry,Menlo Dental Transitions
P-YQBEHK,"General Dentistry Practice for Sale – Vancouver, WA","General Dentistry practice for sale in Vancouver, WA: $750K annual collections, 3 operatories, asking $595K. Listed by Menlo Dental Transitions on Practice Orbit.",in stock,used,595000.00 USD,https://practiceorbit.com/app/practices/P-YQBEHK?utm_source=facebook&utm_medium=paid_social&utm_campaign=state_listing_catalog,https://practiceorbit.github.io/practice-orbit-meta-feed/cards/P-YQBEHK-636bad94d8.jpg,Practice Orbit,WA,WA,General Dentistry,Menlo Dental Transitions
